<?xml version="1.0" encoding="UTF-8"?>
<feature
      id="org.eclipse.emf.emfstore.client.feature"
      label="EMFStore Client"
      version="1.9.0.v20170530-0703"
      provider-name="Eclipse Modeling Project"
      plugin="org.eclipse.emf.emfstore.client">

   <description url="http://emfstore.org">
      This feature contains all plugins to contact the EMFStore server from a client application.
   </description>

   <copyright url="%copyrightURL">
      %copyright
   </copyright>

   <license url="%licenseURL">
      %license
   </license>

   <requires>
      <import plugin="org.eclipse.ui"/>
      <import plugin="org.eclipse.core.runtime"/>
      <import plugin="org.eclipse.emf.edit"/>
      <import plugin="org.eclipse.emf.emfstore.server"/>
   </requires>

   <plugin
         id="org.eclipse.emf.emfstore.client"
         download-size="651"
         install-size="1550"
         version="1.9.0.v20170530-0703"
         unpack="false"/>

</feature>
