<?xml version="1.0" encoding="UTF-8"?>
<feature id="org.eclipse.emf.ecp.view.model.controls.feature.source" version="1.21.0.20190603-0953" plugin="org.eclipse.emf.ecp.ui.view.editor.controls" label="EMF Forms View Model Controls incl. Sources" provider-name="%providerName">
  <includes id="org.eclipse.emf.ecp.view.model.controls.feature" version="1.21.0.20190603-0953"/>
  <description>
      %description
   </description>
  <copyright url="%copyrightURL">
      %copyright
   </copyright>
  <license url="%licenseURL">
      %license
   </license>
  <plugin id="org.eclipse.emf.ecp.ui.view.editor.controls.source" version="1.21.0.20190603-0953" download-size="0" install-size="0" unpack="false"/>
</feature>