<?xml version="1.0" encoding="UTF-8"?>
<feature id="org.eclipse.emf.ecore.edit.source" version="2.13.0.v20190323-1059" label="%featureName" provider-name="%providerName">
  <includes id="org.eclipse.emf.ecore.edit" version="2.13.0.v20190323-1059"/>
  <description>
      %description
   </description>
  <copyright url="http://www.eclipse.org/legal/epl-v20.html">
      Copyright (c) 2002-2018 IBM Corporation and others.
All rights reserved.   This program and the accompanying materials
are made available under the terms of the Eclipse Public License v2.0
which accompanies this distribution, and is available at
http://www.eclipse.org/legal/epl-v20.html
   </copyright>
  <license url="%licenseURL">
      %license
   </license>
  <plugin id="org.eclipse.emf.ecore.edit.source" version="2.12.0.v20190226-1307" download-size="0" install-size="0" unpack="false"/>
  <plugin id="org.eclipse.emf.ecore.change.edit.source" version="2.8.0.v20180706-1146" download-size="0" install-size="0" unpack="false"/>
</feature>