<?xml version="1.0" encoding="UTF-8"?>
<!--
	Copyright (c) 2011-2017 Eike Stepper (Loehne, Germany) and others.
	All rights reserved. This program and the accompanying materials
	are made available under the terms of the Eclipse Public License v1.0
	which accompanies this distribution, and is available at
	http://www.eclipse.org/legal/epl-v10.html

	Contributors:
	  Eike Stepper - initial API and implementation
-->
<feature
      id="org.eclipse.net4j.util"
      label="%featureName"
      version="4.7.0.v20180530-0909"
      provider-name="%providerName"
      image="eclipse_update_120.jpg">

   <description>
      %description
   </description>

   <copyright url="%copyrightURL">
      %copyright
   </copyright>

   <license url="%licenseURL">
      %license
   </license>

   <url>
      <update label="%updateSiteName" url="http://www.eclipse.org/modeling/updates/"/>
      <discovery label="%updateSiteName" url="http://www.eclipse.org/modeling/updates/"/>
   </url>

   <plugin
         id="org.eclipse.net4j.util"
         download-size="746"
         install-size="1483"
         version="3.8.0.v20180530-0909"
         unpack="false"/>

   <plugin
         id="org.apache.commons.logging"
         download-size="66"
         install-size="138"
         version="1.1.1.v201101211721"
         unpack="false"/>

</feature>
