<?xml version='1.0' encoding='UTF-8'?>
<?artifactRepository version='1.1.0'?>
<repository name='Bundle pool' type='org.eclipse.equinox.p2.artifact.repository.simpleRepository' version='1'>
  <properties size='2'>
    <property name='p2.system' value='true'/>
    <property name='p2.timestamp' value='1645135513138'/>
  </properties>
  <mappings size='3'>
    <rule filter='(&amp; (classifier=osgi.bundle))' output='${repoUrl}/plugins/${id}_${version}.jar'/>
    <rule filter='(&amp; (classifier=binary))' output='${repoUrl}/binary/${id}_${version}'/>
    <rule filter='(&amp; (classifier=org.eclipse.update.feature))' output='${repoUrl}/features/${id}_${version}.jar'/>
  </mappings>
  <artifacts size='319'>
    <artifact classifier='osgi.bundle' id='javax.annotation' version='1.2.0.v201602091430'>
      <properties size='1'>
        <property name='download.size' value='29148'/>
      </properties>
    </artifact>
    <artifact classifier='osgi.bundle' id='org.eclipse.emf.ecp.view.template.annotation.model' version='1.21.0.20190603-0953'>
      <properties size='1'>
        <property name='download.size' value='26813'/>
      </properties>
    </artifact>
    <artifact classifier='org.eclipse.update.feature' id='org.eclipse.emf.ecp.feature' version='1.21.0.20190603-0953'>
      <properties size='1'>
        <property name='download.size' value='40626'/>
      </properties>
      <repositoryProperties size='1'>
        <property name='artifact.folder' value='true'/>
      </repositoryProperties>
    </artifact>
    <artifact classifier='osgi.bundle' id='org.eclipse.ui.win32' version='3.4.200.v20190513-2118'>
      <properties size='1'>
        <property name='download.size' value='22837'/>
      </properties>
    </artifact>
    <artifact classifier='osgi.bundle' id='org.eclipse.emf.ecp.ui.rcp' version='1.21.0.20190603-0953'>
      <properties size='1'>
        <property name='download.size' value='12240'/>
      </properties>
    </artifact>
    <artifact classifier='org.eclipse.update.feature' id='org.eclipse.emf.ecp.view.vertical.feature' version='1.21.0.20190603-0953'>
      <properties size='1'>
        <property name='download.size' value='40265'/>
      </properties>
      <repositoryProperties size='1'>
        <property name='artifact.folder' value='true'/>
      </repositoryProperties>
    </artifact>
    <artifact classifier='osgi.bundle' id='org.eclipse.emf.ecp.view.label.model.edit' version='1.21.0.20190603-0953'>
      <properties size='1'>
        <property name='download.size' value='25084'/>
      </properties>
    </artifact>
    <artifact classifier='osgi.bundle' id='org.eclipse.jface.databinding' version='1.9.0.v20190519-0933'>
      <properties size='1'>
        <property name='download.size' value='300521'/>
      </properties>
    </artifact>
    <artifact classifier='osgi.bundle' id='org.eclipse.emfforms.swt.treemasterdetail' version='1.21.0.20190603-0953'>
      <properties size='1'>
        <property name='download.size' value='114637'/>
      </properties>
    </artifact>
    <artifact classifier='osgi.bundle' id='org.eclipse.emf.common' version='2.16.0.v20190528-0845'>
      <properties size='1'>
        <property name='download.size' value='375731'/>
      </properties>
    </artifact>
    <artifact classifier='osgi.bundle' id='org.eclipse.ltk.ui.refactoring' version='3.9.400.v20190510-0840'>
      <properties size='1'>
        <property name='download.size' value='512497'/>
      </properties>
    </artifact>
    <artifact classifier='osgi.bundle' id='org.eclipse.emf.ecp.view.horizontal.ui.swt' version='1.21.0.20190603-0953'>
      <properties size='1'>
        <property name='download.size' value='15773'/>
      </properties>
      <repositoryProperties size='1'>
        <property name='artifact.folder' value='true'/>
      </repositoryProperties>
    </artifact>
    <artifact classifier='osgi.bundle' id='org.eclipse.emf.ecp.view.table.columnservice' version='1.21.0.20190603-0953'>
      <properties size='1'>
        <property name='download.size' value='13855'/>
      </properties>
    </artifact>
    <artifact classifier='org.eclipse.update.feature' id='org.eclipse.emf.ecp.view.categorization.feature' version='1.21.0.20190603-0953'>
      <properties size='1'>
        <property name='download.size' value='40263'/>
      </properties>
      <repositoryProperties size='1'>
        <property name='artifact.folder' value='true'/>
      </repositoryProperties>
    </artifact>
    <artifact classifier='osgi.bundle' id='org.eclipse.emf.ecp.view.group.ui.swt' version='1.21.0.20190603-0953'>
      <properties size='1'>
        <property name='download.size' value='16019'/>
      </properties>
    </artifact>
    <artifact classifier='osgi.bundle' id='org.eclipse.emf.ecp.view.model' version='1.21.0.20190603-0953'>
      <properties size='1'>
        <property name='download.size' value='131303'/>
      </properties>
    </artifact>
    <artifact classifier='osgi.bundle' id='org.eclipse.emfforms.core.services.mappingprovider.table' version='1.21.0.20190603-0953'>
      <properties size='1'>
        <property name='download.size' value='13538'/>
      </properties>
    </artifact>
    <artifact classifier='osgi.bundle' id='org.eclipse.emfforms.swt.core.di.extension' version='1.21.0.20190603-0953'>
      <properties size='1'>
        <property name='download.size' value='15684'/>
      </properties>
    </artifact>
    <artifact classifier='osgi.bundle' id='org.eclipse.equinox.registry' version='3.8.400.v20190516-1504'>
      <properties size='1'>
        <property name='download.size' value='196431'/>
      </properties>
    </artifact>
    <artifact classifier='osgi.bundle' id='org.eclipse.ui.views' version='3.9.400.v20190517-1612'>
      <properties size='1'>
        <property name='download.size' value='110800'/>
      </properties>
    </artifact>
    <artifact classifier='osgi.bundle' id='org.eclipse.emfforms.swt.table' version='1.21.0.20190603-0953'>
      <properties size='1'>
        <property name='download.size' value='88508'/>
      </properties>
    </artifact>
    <artifact classifier='osgi.bundle' id='org.eclipse.ui.navigator' version='3.8.0.v20190519-2104'>
      <properties size='1'>
        <property name='download.size' value='441123'/>
      </properties>
    </artifact>
    <artifact classifier='osgi.bundle' id='org.eclipse.e4.ui.dialogs' version='1.1.500.v20190513-0736'>
      <properties size='1'>
        <property name='download.size' value='46179'/>
      </properties>
    </artifact>
    <artifact classifier='osgi.bundle' id='org.eclipse.emf.ecp.view.treemasterdetail.model' version='1.21.0.20190603-0953'>
      <properties size='1'>
        <property name='download.size' value='31278'/>
      </properties>
    </artifact>
    <artifact classifier='osgi.bundle' id='org.eclipse.equinox.p2.metadata.repository.source' version='1.3.100.v20180822-1302'>
      <properties size='1'>
        <property name='download.size' value='61372'/>
      </properties>
    </artifact>
    <artifact classifier='osgi.bundle' id='org.apache.batik.util' version='1.11.0.v20190515-0436'>
      <properties size='1'>
        <property name='download.size' value='147784'/>
      </properties>
    </artifact>
    <artifact classifier='osgi.bundle' id='org.eclipse.emf.ecp.view.categorization.swt' version='1.21.0.20190603-0953'>
      <properties size='1'>
        <property name='download.size' value='59317'/>
      </properties>
    </artifact>
    <artifact classifier='org.eclipse.update.feature' id='org.eclipse.emf.ecp.view.rule.feature' version='1.21.0.20190603-0953'>
      <properties size='1'>
        <property name='download.size' value='40274'/>
      </properties>
      <repositoryProperties size='1'>
        <property name='artifact.folder' value='true'/>
      </repositoryProperties>
    </artifact>
    <artifact classifier='osgi.bundle' id='org.eclipse.emfforms.view.multisegment.model.edit' version='1.21.0.20190603-0953'>
      <properties size='1'>
        <property name='download.size' value='20982'/>
      </properties>
    </artifact>
    <artifact classifier='osgi.bundle' id='org.eclipse.emf.ecp.common' version='1.21.0.20190603-0953'>
      <properties size='1'>
        <property name='download.size' value='32016'/>
      </properties>
    </artifact>
    <artifact classifier='osgi.bundle' id='org.eclipse.emf.ecp.view.table.model' version='1.21.0.20190603-0953'>
      <properties size='1'>
        <property name='download.size' value='76419'/>
      </properties>
    </artifact>
    <artifact classifier='osgi.bundle' id='org.eclipse.emf.ecp.view.custom.model' version='1.21.0.20190603-0953'>
      <properties size='1'>
        <property name='download.size' value='58448'/>
      </properties>
    </artifact>
    <artifact classifier='osgi.bundle' id='org.eclipse.emfforms.core.services.structuralchange.table' version='1.21.0.20190603-0953'>
      <properties size='1'>
        <property name='download.size' value='13249'/>
      </properties>
    </artifact>
    <artifact classifier='org.eclipse.update.feature' id='org.eclipse.emf.ecp.view.table.feature' version='1.21.0.20190603-0953'>
      <properties size='1'>
        <property name='download.size' value='40398'/>
      </properties>
      <repositoryProperties size='1'>
        <property name='artifact.folder' value='true'/>
      </repositoryProperties>
    </artifact>
    <artifact classifier='osgi.bundle' id='org.eclipse.e4.ui.workbench.swt' version='0.14.600.v20190513-2118'>
      <properties size='1'>
        <property name='download.size' value='175286'/>
      </properties>
    </artifact>
    <artifact classifier='osgi.bundle' id='org.eclipse.emf.ecp.view.model.editor' version='1.21.0.20190603-0953'>
      <properties size='1'>
        <property name='download.size' value='42234'/>
      </properties>
    </artifact>
    <artifact classifier='osgi.bundle' id='org.eclipse.emf.ecore.xmi' version='2.16.0.v20190528-0725'>
      <properties size='1'>
        <property name='download.size' value='235202'/>
      </properties>
    </artifact>
    <artifact classifier='osgi.bundle' id='org.eclipse.emf.ecp.view.control.multireference' version='1.21.0.20190603-0953'>
      <properties size='1'>
        <property name='download.size' value='47489'/>
      </properties>
      <repositoryProperties size='1'>
        <property name='artifact.folder' value='true'/>
      </repositoryProperties>
    </artifact>
    <artifact classifier='osgi.bundle' id='org.eclipse.e4.ui.workbench.renderers.swt' version='0.14.700.v20190517-1525'>
      <properties size='1'>
        <property name='download.size' value='252137'/>
      </properties>
    </artifact>
    <artifact classifier='osgi.bundle' id='org.eclipse.equinox.event' version='1.5.100.v20190528-1257'>
      <properties size='1'>
        <property name='download.size' value='35544'/>
      </properties>
    </artifact>
    <artifact classifier='osgi.bundle' id='org.eclipse.core.databinding.beans' version='1.5.0.v20190510-1100'>
      <properties size='1'>
        <property name='download.size' value='93635'/>
      </properties>
    </artifact>
    <artifact classifier='osgi.bundle' id='org.apache.commons.codec.source' version='1.10.0.v20180409-1845'>
      <properties size='1'>
        <property name='download.size' value='328644'/>
      </properties>
    </artifact>
    <artifact classifier='org.eclipse.update.feature' id='org.eclipse.emf.ecp.e4.feature' version='1.21.0.20190603-0953'>
      <properties size='1'>
        <property name='download.size' value='40227'/>
      </properties>
      <repositoryProperties size='1'>
        <property name='artifact.folder' value='true'/>
      </repositoryProperties>
    </artifact>
    <artifact classifier='osgi.bundle' id='org.eclipse.team.ui' version='3.8.500.v20190519-2354'>
      <properties size='1'>
        <property name='download.size' value='1463141'/>
      </properties>
    </artifact>
    <artifact classifier='osgi.bundle' id='org.apache.batik.constants' version='1.11.0.v20190515-0436'>
      <properties size='1'>
        <property name='download.size' value='20830'/>
      </properties>
    </artifact>
    <artifact classifier='osgi.bundle' id='org.eclipse.e4.ui.bindings' version='0.12.500.v20190510-1100'>
      <properties size='1'>
        <property name='download.size' value='46046'/>
      </properties>
    </artifact>
    <artifact classifier='osgi.bundle' id='org.eclipse.emf.ecp.emfstore.core' version='1.21.0.20190603-0953'>
      <properties size='1'>
        <property name='download.size' value='52030'/>
      </properties>
    </artifact>
    <artifact classifier='osgi.bundle' id='org.apache.commons.io' version='2.6.0.v20190123-2029'>
      <properties size='1'>
        <property name='download.size' value='232616'/>
      </properties>
    </artifact>
    <artifact classifier='osgi.bundle' id='org.eclipse.emf.ecp.ide.util.source' version='1.21.0.20190603-0953'>
      <properties size='1'>
        <property name='download.size' value='21641'/>
      </properties>
    </artifact>
    <artifact classifier='osgi.bundle' id='org.eclipse.emfforms.core.services.databinding.featurepath' version='1.21.0.20190603-0953'>
      <properties size='1'>
        <property name='download.size' value='14287'/>
      </properties>
    </artifact>
    <artifact classifier='osgi.bundle' id='org.eclipse.ui' version='3.113.0.v20190513-2118'>
      <properties size='1'>
        <property name='download.size' value='475896'/>
      </properties>
    </artifact>
    <artifact classifier='org.eclipse.update.feature' id='org.eclipse.emfforms.core.bazaar.feature' version='1.21.0.20190603-0953'>
      <properties size='1'>
        <property name='download.size' value='40196'/>
      </properties>
      <repositoryProperties size='1'>
        <property name='artifact.folder' value='true'/>
      </repositoryProperties>
    </artifact>
    <artifact classifier='osgi.bundle' id='org.apache.xmlgraphics' version='2.3.0.v20190515-0436'>
      <properties size='1'>
        <property name='download.size' value='719465'/>
      </properties>
    </artifact>
    <artifact classifier='org.eclipse.update.feature' id='org.eclipse.emf.ecore' version='2.18.0.v20190528-0845'>
      <properties size='1'>
        <property name='download.size' value='19574'/>
      </properties>
      <repositoryProperties size='1'>
        <property name='artifact.folder' value='true'/>
      </repositoryProperties>
    </artifact>
    <artifact classifier='osgi.bundle' id='org.eclipse.equinox.p2.engine.source' version='2.6.300.v20190318-1320'>
      <properties size='1'>
        <property name='download.size' value='142640'/>
      </properties>
    </artifact>
    <artifact classifier='osgi.bundle' id='org.eclipse.equinox.p2.repository' version='2.4.400.v20190318-1320'>
      <properties size='1'>
        <property name='download.size' value='141298'/>
      </properties>
    </artifact>
    <artifact classifier='osgi.bundle' id='org.tukaani.xz' version='1.8.0.v20180207-1613'>
      <properties size='1'>
        <property name='download.size' value='128232'/>
      </properties>
    </artifact>
    <artifact classifier='osgi.bundle' id='org.eclipse.emf.ecp.view.horizontal.model.edit' version='1.21.0.20190603-0953'>
      <properties size='1'>
        <property name='download.size' value='25368'/>
      </properties>
    </artifact>
    <artifact classifier='osgi.bundle' id='org.eclipse.e4.ui.di' version='1.2.600.v20190510-1100'>
      <properties size='1'>
        <property name='download.size' value='17582'/>
      </properties>
    </artifact>
    <artifact classifier='osgi.bundle' id='org.eclipse.emf.ecp.view.horizontal.model' version='1.21.0.20190603-0953'>
      <properties size='1'>
        <property name='download.size' value='29577'/>
      </properties>
    </artifact>
    <artifact classifier='osgi.bundle' id='org.eclipse.emf.ecp.editor.e3.source' version='1.21.0.20190603-0953'>
      <properties size='1'>
        <property name='download.size' value='25397'/>
      </properties>
    </artifact>
    <artifact classifier='osgi.bundle' id='org.multicore-association.shim.edit.model' version='2.0.0.202202180704'>
      <properties size='1'>
        <property name='download.size' value='121696'/>
      </properties>
    </artifact>
    <artifact classifier='osgi.bundle' id='org.eclipse.team.core' version='3.8.600.v20190519-2354'>
      <properties size='1'>
        <property name='download.size' value='408807'/>
      </properties>
    </artifact>
    <artifact classifier='osgi.bundle' id='org.eclipse.equinox.console' version='1.3.300.v20190516-1504'>
      <properties size='1'>
        <property name='download.size' value='125313'/>
      </properties>
    </artifact>
    <artifact classifier='osgi.bundle' id='com.ibm.icu' version='64.2.0.v20190507-1337'>
      <properties size='1'>
        <property name='download.size' value='13239963'/>
      </properties>
    </artifact>
    <artifact classifier='org.eclipse.update.feature' id='org.eclipse.emf.ecp.view.label.feature' version='1.21.0.20190603-0953'>
      <properties size='1'>
        <property name='download.size' value='40260'/>
      </properties>
      <repositoryProperties size='1'>
        <property name='artifact.folder' value='true'/>
      </repositoryProperties>
    </artifact>
    <artifact classifier='osgi.bundle' id='org.eclipse.emf.ecp.core' version='1.21.0.20190603-0953'>
      <properties size='1'>
        <property name='download.size' value='147293'/>
      </properties>
    </artifact>
    <artifact classifier='osgi.bundle' id='org.eclipse.emf.ecp.edit' version='1.21.0.20190603-0953'>
      <properties size='1'>
        <property name='download.size' value='39682'/>
      </properties>
    </artifact>
    <artifact classifier='osgi.bundle' id='org.eclipse.core.expressions' version='3.6.400.v20190518-1240'>
      <properties size='1'>
        <property name='download.size' value='94416'/>
      </properties>
    </artifact>
    <artifact classifier='osgi.bundle' id='org.eclipse.swt.win32.win32.x86_64' version='3.111.0.v20190605-1801'>
      <properties size='1'>
        <property name='download.size' value='2417044'/>
      </properties>
    </artifact>
    <artifact classifier='osgi.bundle' id='org.eclipse.emf.ecp.view.model.provider.generator' version='1.21.0.20190603-0953'>
      <properties size='1'>
        <property name='download.size' value='19872'/>
      </properties>
    </artifact>
    <artifact classifier='osgi.bundle' id='org.eclipse.emf.edit' version='2.15.0.v20190528-0725'>
      <properties size='1'>
        <property name='download.size' value='302348'/>
      </properties>
    </artifact>
    <artifact classifier='osgi.bundle' id='org.eclipse.emf.ecp.view.template.model.edit' version='1.21.0.20190603-0953'>
      <properties size='1'>
        <property name='download.size' value='252209'/>
      </properties>
    </artifact>
    <artifact classifier='osgi.bundle' id='org.eclipse.emf.ecp.view.context.locale' version='1.21.0.20190603-0953'>
      <properties size='1'>
        <property name='download.size' value='11373'/>
      </properties>
    </artifact>
    <artifact classifier='osgi.bundle' id='org.eclipse.core.databinding.observable' version='1.7.0.v20190515-0910'>
      <properties size='1'>
        <property name='download.size' value='311072'/>
      </properties>
    </artifact>
    <artifact classifier='osgi.bundle' id='org.eclipse.emf.ecp.ui.view' version='1.21.0.20190603-0953'>
      <properties size='1'>
        <property name='download.size' value='34960'/>
      </properties>
    </artifact>
    <artifact classifier='osgi.bundle' id='org.eclipse.emf.ecp.view.treemasterdetail.validation' version='1.21.0.20190603-0953'>
      <properties size='1'>
        <property name='download.size' value='20181'/>
      </properties>
    </artifact>
    <artifact classifier='osgi.bundle' id='org.eclipse.ui.editors' version='3.11.500.v20190519-2344'>
      <properties size='1'>
        <property name='download.size' value='613669'/>
      </properties>
    </artifact>
    <artifact classifier='osgi.bundle' id='org.multicore-association.shim.edit.model.edit' version='1.0.0.202202180704'>
      <properties size='1'>
        <property name='download.size' value='60652'/>
      </properties>
    </artifact>
    <artifact classifier='osgi.bundle' id='org.eclipse.emf.ecp.view.swt.layout' version='1.21.0.20190603-0953'>
      <properties size='1'>
        <property name='download.size' value='13580'/>
      </properties>
      <repositoryProperties size='1'>
        <property name='artifact.folder' value='true'/>
      </repositoryProperties>
    </artifact>
    <artifact classifier='osgi.bundle' id='org.w3c.dom.events' version='3.0.0.draft20060413_v201105210656'>
      <properties size='1'>
        <property name='download.size' value='15720'/>
      </properties>
    </artifact>
    <artifact classifier='osgi.bundle' id='org.eclipse.emf.ecp.view.compoundcontrol.model' version='1.21.0.20190603-0953'>
      <properties size='1'>
        <property name='download.size' value='31058'/>
      </properties>
    </artifact>
    <artifact classifier='osgi.bundle' id='org.eclipse.equinox.security.win32.x86_64' version='1.1.100.v20180827-1235'>
      <properties size='1'>
        <property name='download.size' value='35979'/>
      </properties>
    </artifact>
    <artifact classifier='osgi.bundle' id='org.eclipse.jdt.annotation' version='2.2.300.v20190328-1431'>
      <properties size='1'>
        <property name='download.size' value='25805'/>
      </properties>
    </artifact>
    <artifact classifier='osgi.bundle' id='org.eclipse.emf.edit.ui' version='2.16.0.v20181104-0733'>
      <properties size='1'>
        <property name='download.size' value='349944'/>
      </properties>
    </artifact>
    <artifact classifier='osgi.bundle' id='org.eclipse.net4j.util' version='3.8.0.v20180530-0909'>
      <properties size='1'>
        <property name='download.size' value='763957'/>
      </properties>
    </artifact>
    <artifact classifier='osgi.bundle' id='org.eclipse.ui.forms' version='3.8.0.v20190519-1034'>
      <properties size='1'>
        <property name='download.size' value='327387'/>
      </properties>
    </artifact>
    <artifact classifier='osgi.bundle' id='org.eclipse.ui.ide' version='3.15.200.v20190519-2104'>
      <properties size='1'>
        <property name='download.size' value='2517932'/>
      </properties>
    </artifact>
    <artifact classifier='osgi.bundle' id='org.eclipse.emf.ecp.view.categorization.model' version='1.21.0.20190603-0953'>
      <properties size='1'>
        <property name='download.size' value='52631'/>
      </properties>
    </artifact>
    <artifact classifier='osgi.bundle' id='org.eclipse.emf.ecore.edit' version='2.12.0.v20190226-1307'>
      <properties size='1'>
        <property name='download.size' value='188119'/>
      </properties>
    </artifact>
    <artifact classifier='osgi.bundle' id='org.eclipse.core.filesystem' version='1.7.400.v20190518-1151'>
      <properties size='1'>
        <property name='download.size' value='66904'/>
      </properties>
    </artifact>
    <artifact classifier='osgi.bundle' id='org.eclipse.help' version='3.8.400.v20190423-0921'>
      <properties size='1'>
        <property name='download.size' value='273285'/>
      </properties>
    </artifact>
    <artifact classifier='osgi.bundle' id='org.eclipse.emfforms.core.bazaar' version='1.21.0.20190603-0953'>
      <properties size='1'>
        <property name='download.size' value='30655'/>
      </properties>
    </artifact>
    <artifact classifier='osgi.bundle' id='org.eclipse.emf.emfstore.migration' version='1.9.0.v20170530-0703'>
      <properties size='1'>
        <property name='download.size' value='16253'/>
      </properties>
    </artifact>
    <artifact classifier='osgi.bundle' id='org.eclipse.e4.core.services' version='2.1.400.v20181215-2145'>
      <properties size='1'>
        <property name='download.size' value='57073'/>
      </properties>
    </artifact>
    <artifact classifier='osgi.bundle' id='org.eclipse.emfforms.localization' version='1.21.0.20190603-0953'>
      <properties size='1'>
        <property name='download.size' value='14766'/>
      </properties>
    </artifact>
    <artifact classifier='osgi.bundle' id='org.eclipse.emf.ecore.change' version='2.14.0.v20190528-0725'>
      <properties size='1'>
        <property name='download.size' value='103029'/>
      </properties>
    </artifact>
    <artifact classifier='osgi.bundle' id='org.eclipse.emfforms.swt.core' version='1.21.0.20190603-0953'>
      <properties size='1'>
        <property name='download.size' value='41949'/>
      </properties>
    </artifact>
    <artifact classifier='osgi.bundle' id='org.eclipse.ui.ide.source' version='3.15.200.v20190519-2104'>
      <properties size='1'>
        <property name='download.size' value='1308111'/>
      </properties>
    </artifact>
    <artifact classifier='osgi.bundle' id='org.eclipse.emfforms.core.services.mappingprovider.default' version='1.21.0.20190603-0953'>
      <properties size='1'>
        <property name='download.size' value='13107'/>
      </properties>
    </artifact>
    <artifact classifier='osgi.bundle' id='org.eclipse.emf.emfstore.common' version='1.9.0.v20170530-0703'>
      <properties size='1'>
        <property name='download.size' value='1983057'/>
      </properties>
    </artifact>
    <artifact classifier='osgi.bundle' id='org.eclipse.equinox.ds' version='1.6.0.v20190122-0806'>
      <properties size='1'>
        <property name='download.size' value='29235'/>
      </properties>
    </artifact>
    <artifact classifier='osgi.bundle' id='org.eclipse.emf.ecp.view.custom.ui.swt' version='1.21.0.20190603-0953'>
      <properties size='1'>
        <property name='download.size' value='30858'/>
      </properties>
    </artifact>
    <artifact classifier='osgi.bundle' id='org.eclipse.emf.ecp.view.migrator' version='1.21.0.20190603-0953'>
      <properties size='1'>
        <property name='download.size' value='24088'/>
      </properties>
    </artifact>
    <artifact classifier='osgi.bundle' id='org.eclipse.osgi.services' version='3.8.0.v20190206-2147'>
      <properties size='1'>
        <property name='download.size' value='128680'/>
      </properties>
    </artifact>
    <artifact classifier='osgi.bundle' id='org.eclipse.emf.ecp.view.rule.model.edit' version='1.21.0.20190603-0953'>
      <properties size='1'>
        <property name='download.size' value='142367'/>
      </properties>
    </artifact>
    <artifact classifier='osgi.bundle' id='javax.inject' version='1.0.0.v20091030'>
      <properties size='1'>
        <property name='download.size' value='14411'/>
      </properties>
    </artifact>
    <artifact classifier='osgi.bundle' id='org.eclipse.emf.ecp.ide.util' version='1.21.0.20190603-0953'>
      <properties size='1'>
        <property name='download.size' value='29457'/>
      </properties>
    </artifact>
    <artifact classifier='osgi.bundle' id='org.eclipse.core.databinding' version='1.7.400.v20190513-2118'>
      <properties size='1'>
        <property name='download.size' value='177114'/>
      </properties>
    </artifact>
    <artifact classifier='org.eclipse.update.feature' id='org.eclipse.emf.ecp.view.custom.feature' version='1.21.0.20190603-0953'>
      <properties size='1'>
        <property name='download.size' value='40260'/>
      </properties>
      <repositoryProperties size='1'>
        <property name='artifact.folder' value='true'/>
      </repositoryProperties>
    </artifact>
    <artifact classifier='osgi.bundle' id='org.eclipse.emf.ecp.view.template.annotation.model.edit' version='1.21.0.20190603-0953'>
      <properties size='1'>
        <property name='download.size' value='24311'/>
      </properties>
    </artifact>
    <artifact classifier='org.eclipse.update.feature' id='org.eclipse.e4.rcp' version='1.6.500.v20190605-1801'>
      <properties size='1'>
        <property name='download.size' value='21257'/>
      </properties>
      <repositoryProperties size='1'>
        <property name='artifact.folder' value='true'/>
      </repositoryProperties>
    </artifact>
    <artifact classifier='osgi.bundle' id='org.eclipse.emf.ecp.view.rule' version='1.21.0.20190603-0953'>
      <properties size='1'>
        <property name='download.size' value='66116'/>
      </properties>
    </artifact>
    <artifact classifier='osgi.bundle' id='org.eclipse.emf.emfstore.client.model.edit' version='1.9.0.v20170530-0703'>
      <properties size='1'>
        <property name='download.size' value='132474'/>
      </properties>
    </artifact>
    <artifact classifier='osgi.bundle' id='org.eclipse.emf.emfstore.client' version='1.9.0.v20170530-0703'>
      <properties size='1'>
        <property name='download.size' value='666948'/>
      </properties>
    </artifact>
    <artifact classifier='osgi.bundle' id='org.eclipse.core.net' version='1.3.500.v20190519-2354'>
      <properties size='1'>
        <property name='download.size' value='74298'/>
      </properties>
    </artifact>
    <artifact classifier='osgi.bundle' id='org.multicore-association.shim.model.editor' version='1.0.0.202202180704'>
      <properties size='1'>
        <property name='download.size' value='65400'/>
      </properties>
    </artifact>
    <artifact classifier='osgi.bundle' id='org.eclipse.e4.ui.css.swt' version='0.13.500.v20190513-2118'>
      <properties size='1'>
        <property name='download.size' value='255338'/>
      </properties>
    </artifact>
    <artifact classifier='osgi.bundle' id='org.apache.log4j' version='1.2.15.v201012070815'>
      <properties size='1'>
        <property name='download.size' value='415047'/>
      </properties>
    </artifact>
    <artifact classifier='osgi.bundle' id='org.multicore-association.shim10.model.edit' version='1.0.0.202202180704'>
      <properties size='1'>
        <property name='download.size' value='125622'/>
      </properties>
    </artifact>
    <artifact classifier='osgi.bundle' id='org.eclipse.core.filebuffers' version='3.6.600.v20190519-2344'>
      <properties size='1'>
        <property name='download.size' value='119390'/>
      </properties>
    </artifact>
    <artifact classifier='osgi.bundle' id='org.apache.commons.codec' version='1.10.0.v20180409-1845'>
      <properties size='1'>
        <property name='download.size' value='312034'/>
      </properties>
    </artifact>
    <artifact classifier='org.eclipse.update.feature' id='org.eclipse.emf.common' version='2.16.0.v20190528-0845'>
      <properties size='1'>
        <property name='download.size' value='19508'/>
      </properties>
      <repositoryProperties size='1'>
        <property name='artifact.folder' value='true'/>
      </repositoryProperties>
    </artifact>
    <artifact classifier='osgi.bundle' id='org.eclipse.emf.common.ui' version='2.18.0.v20190507-0402'>
      <properties size='1'>
        <property name='download.size' value='164927'/>
      </properties>
    </artifact>
    <artifact classifier='osgi.bundle' id='org.apache.batik.i18n' version='1.11.0.v20190515-0436'>
      <properties size='1'>
        <property name='download.size' value='24067'/>
      </properties>
    </artifact>
    <artifact classifier='osgi.bundle' id='org.eclipse.emf.ecp.view.core.swt' version='1.21.0.20190603-0953'>
      <properties size='1'>
        <property name='download.size' value='181373'/>
      </properties>
      <repositoryProperties size='1'>
        <property name='artifact.folder' value='true'/>
      </repositoryProperties>
    </artifact>
    <artifact classifier='osgi.bundle' id='org.eclipse.emfforms.editor' version='1.21.0.20190603-0953'>
      <properties size='1'>
        <property name='download.size' value='87047'/>
      </properties>
    </artifact>
    <artifact classifier='osgi.bundle' id='org.eclipse.equinox.p2.engine' version='2.6.300.v20190318-1320'>
      <properties size='1'>
        <property name='download.size' value='215007'/>
      </properties>
    </artifact>
    <artifact classifier='osgi.bundle' id='org.apache.felix.gogo.runtime' version='1.1.0.v20180713-1646'>
      <properties size='1'>
        <property name='download.size' value='208743'/>
      </properties>
    </artifact>
    <artifact classifier='osgi.bundle' id='org.eclipse.emf.ecp.view.context' version='1.21.0.20190603-0953'>
      <properties size='1'>
        <property name='download.size' value='40131'/>
      </properties>
      <repositoryProperties size='1'>
        <property name='artifact.folder' value='true'/>
      </repositoryProperties>
    </artifact>
    <artifact classifier='osgi.bundle' id='org.eclipse.emfforms.core.services.segments' version='1.21.0.20190603-0953'>
      <properties size='1'>
        <property name='download.size' value='19938'/>
      </properties>
    </artifact>
    <artifact classifier='osgi.bundle' id='org.eclipse.e4.core.di.extensions.supplier' version='0.15.300.v20190506-1457'>
      <properties size='1'>
        <property name='download.size' value='35275'/>
      </properties>
    </artifact>
    <artifact classifier='osgi.bundle' id='org.eclipse.equinox.simpleconfigurator' version='1.3.200.v20181101-1115'>
      <properties size='1'>
        <property name='download.size' value='46189'/>
      </properties>
    </artifact>
    <artifact classifier='osgi.bundle' id='org.eclipse.emf.ecp.view.label.ui.swt' version='1.21.0.20190603-0953'>
      <properties size='1'>
        <property name='download.size' value='18203'/>
      </properties>
      <repositoryProperties size='1'>
        <property name='artifact.folder' value='true'/>
      </repositoryProperties>
    </artifact>
    <artifact classifier='org.eclipse.update.feature' id='org.eclipse.emf.common.ui' version='2.17.0.v20190507-0402'>
      <properties size='1'>
        <property name='download.size' value='19492'/>
      </properties>
      <repositoryProperties size='1'>
        <property name='artifact.folder' value='true'/>
      </repositoryProperties>
    </artifact>
    <artifact classifier='osgi.bundle' id='org.eclipse.emf.ecp.emfstore.ui.e4' version='1.21.0.20190603-0953'>
      <properties size='1'>
        <property name='download.size' value='42970'/>
      </properties>
    </artifact>
    <artifact classifier='osgi.bundle' id='org.eclipse.emf.ecp.ui.e4' version='1.21.0.20190603-0953'>
      <properties size='1'>
        <property name='download.size' value='45610'/>
      </properties>
    </artifact>
    <artifact classifier='osgi.bundle' id='org.eclipse.emf.ecp.view.unset' version='1.21.0.20190603-0953'>
      <properties size='1'>
        <property name='download.size' value='20600'/>
      </properties>
    </artifact>
    <artifact classifier='osgi.bundle' id='org.eclipse.e4.emf.xpath' version='0.2.300.v20190513-2118'>
      <properties size='1'>
        <property name='download.size' value='49534'/>
      </properties>
    </artifact>
    <artifact classifier='org.eclipse.update.feature' id='org.eclipse.emf.ecp.view.model.controls.feature' version='1.21.0.20190603-0953'>
      <properties size='1'>
        <property name='download.size' value='40221'/>
      </properties>
      <repositoryProperties size='1'>
        <property name='artifact.folder' value='true'/>
      </repositoryProperties>
    </artifact>
    <artifact classifier='org.eclipse.update.feature' id='org.eclipse.emf.ecp.view.horizontal.feature' version='1.21.0.20190603-0953'>
      <properties size='1'>
        <property name='download.size' value='40276'/>
      </properties>
      <repositoryProperties size='1'>
        <property name='artifact.folder' value='true'/>
      </repositoryProperties>
    </artifact>
    <artifact classifier='osgi.bundle' id='org.eclipse.emf.ecp.emfstore.ui' version='1.21.0.20190603-0953'>
      <properties size='1'>
        <property name='download.size' value='109647'/>
      </properties>
    </artifact>
    <artifact classifier='osgi.bundle' id='org.eclipse.emf.ecp.view.model.edit' version='1.21.0.20190603-0953'>
      <properties size='1'>
        <property name='download.size' value='62021'/>
      </properties>
    </artifact>
    <artifact classifier='osgi.bundle' id='org.eclipse.emfforms.swt.core.plugin' version='1.21.0.20190603-0953'>
      <properties size='1'>
        <property name='download.size' value='19780'/>
      </properties>
    </artifact>
    <artifact classifier='osgi.bundle' id='org.eclipse.osgi' version='3.14.0.v20190517-1309'>
      <properties size='1'>
        <property name='download.size' value='1450432'/>
      </properties>
    </artifact>
    <artifact classifier='osgi.bundle' id='org.eclipse.compare' version='3.7.600.v20190519-2354'>
      <properties size='1'>
        <property name='download.size' value='805610'/>
      </properties>
    </artifact>
    <artifact classifier='osgi.bundle' id='org.multicore-association.shim.edit' version='2.0.0.202202180704'>
      <properties size='1'>
        <property name='download.size' value='397657'/>
      </properties>
    </artifact>
    <artifact classifier='osgi.bundle' id='org.eclipse.emf.ecp.view.stack.ui.swt' version='1.21.0.20190603-0953'>
      <properties size='1'>
        <property name='download.size' value='30446'/>
      </properties>
    </artifact>
    <artifact classifier='osgi.bundle' id='org.eclipse.emfforms.common.validation' version='1.21.0.20190603-0953'>
      <properties size='1'>
        <property name='download.size' value='26333'/>
      </properties>
    </artifact>
    <artifact classifier='osgi.bundle' id='org.apache.commons.logging' version='1.2.0.v20180409-1502'>
      <properties size='1'>
        <property name='download.size' value='73163'/>
      </properties>
    </artifact>
    <artifact classifier='osgi.bundle' id='org.eclipse.emf.ecp.explorereditorbridge' version='1.21.0.20190603-0953'>
      <properties size='1'>
        <property name='download.size' value='15855'/>
      </properties>
    </artifact>
    <artifact classifier='osgi.bundle' id='org.eclipse.jface.text' version='3.15.200.v20190519-2344'>
      <properties size='1'>
        <property name='download.size' value='1061323'/>
      </properties>
    </artifact>
    <artifact classifier='osgi.bundle' id='org.eclipse.equinox.p2.metadata' version='2.4.400.v20190409-0548'>
      <properties size='1'>
        <property name='download.size' value='360446'/>
      </properties>
    </artifact>
    <artifact classifier='osgi.bundle' id='org.eclipse.emf.ecp.ui.view.swt' version='1.21.0.20190603-0953'>
      <properties size='1'>
        <property name='download.size' value='99352'/>
      </properties>
    </artifact>
    <artifact classifier='osgi.bundle' id='org.multicore-association.shim.model' version='1.0.0.202202180704'>
      <properties size='1'>
        <property name='download.size' value='295403'/>
      </properties>
    </artifact>
    <artifact classifier='osgi.bundle' id='org.eclipse.core.jobs' version='3.10.400.v20190506-1457'>
      <properties size='1'>
        <property name='download.size' value='107419'/>
      </properties>
    </artifact>
    <artifact classifier='osgi.bundle' id='org.eclipse.ui.workbench' version='3.115.0.v20190521-1602'>
      <properties size='1'>
        <property name='download.size' value='3715969'/>
      </properties>
    </artifact>
    <artifact classifier='osgi.bundle' id='org.eclipse.emfforms.view.model.localization' version='1.21.0.20190603-0953'>
      <properties size='1'>
        <property name='download.size' value='14942'/>
      </properties>
    </artifact>
    <artifact classifier='osgi.bundle' id='org.eclipse.swt' version='3.111.0.v20190605-1801'>
      <properties size='1'>
        <property name='download.size' value='17333'/>
      </properties>
    </artifact>
    <artifact classifier='osgi.bundle' id='org.eclipse.emf.ecp.view.model.common' version='1.21.0.20190603-0953'>
      <properties size='1'>
        <property name='download.size' value='34292'/>
      </properties>
    </artifact>
    <artifact classifier='osgi.bundle' id='org.eclipse.emf.validation' version='1.8.0.201812070911'>
      <properties size='1'>
        <property name='download.size' value='413453'/>
      </properties>
    </artifact>
    <artifact classifier='osgi.bundle' id='org.eclipse.emfforms.core.services.structuralchange.default' version='1.21.0.20190603-0953'>
      <properties size='1'>
        <property name='download.size' value='13006'/>
      </properties>
    </artifact>
    <artifact classifier='osgi.bundle' id='org.eclipse.equinox.p2.core' version='2.6.0.v20190215-2242'>
      <properties size='1'>
        <property name='download.size' value='76692'/>
      </properties>
    </artifact>
    <artifact classifier='osgi.bundle' id='org.eclipse.emf.ecp.core.emffilter' version='1.21.0.20190603-0953'>
      <properties size='1'>
        <property name='download.size' value='17496'/>
      </properties>
    </artifact>
    <artifact classifier='org.eclipse.update.feature' id='org.eclipse.emf.ecp.view.unset.feature' version='1.21.0.20190603-0953'>
      <properties size='1'>
        <property name='download.size' value='40207'/>
      </properties>
      <repositoryProperties size='1'>
        <property name='artifact.folder' value='true'/>
      </repositoryProperties>
    </artifact>
    <artifact classifier='osgi.bundle' id='org.w3c.dom.svg' version='1.1.0.v201011041433'>
      <properties size='1'>
        <property name='download.size' value='97545'/>
      </properties>
    </artifact>
    <artifact classifier='osgi.bundle' id='org.eclipse.emf.ecp.view.compoundcontrol.model.edit' version='1.21.0.20190603-0953'>
      <properties size='1'>
        <property name='download.size' value='25355'/>
      </properties>
    </artifact>
    <artifact classifier='osgi.bundle' id='org.eclipse.emf.ecore' version='2.18.0.v20190528-0845'>
      <properties size='1'>
        <property name='download.size' value='1414513'/>
      </properties>
    </artifact>
    <artifact classifier='osgi.bundle' id='org.eclipse.emf.databinding' version='1.5.0.v20180706-1146'>
      <properties size='1'>
        <property name='download.size' value='92880'/>
      </properties>
    </artifact>
    <artifact classifier='osgi.bundle' id='org.eclipse.emfforms.swt.core.di' version='1.21.0.20190603-0953'>
      <properties size='1'>
        <property name='download.size' value='17785'/>
      </properties>
    </artifact>
    <artifact classifier='osgi.bundle' id='org.eclipse.emf.ecp.ui' version='1.21.0.20190603-0953'>
      <properties size='1'>
        <property name='download.size' value='200554'/>
      </properties>
    </artifact>
    <artifact classifier='osgi.bundle' id='org.eclipse.emf.ecp.ui.view.linewrapper' version='1.21.0.20190603-0953'>
      <properties size='1'>
        <property name='download.size' value='11987'/>
      </properties>
    </artifact>
    <artifact classifier='osgi.bundle' id='org.eclipse.emf.ecp.view.group.model.edit' version='1.21.0.20190603-0953'>
      <properties size='1'>
        <property name='download.size' value='25106'/>
      </properties>
    </artifact>
    <artifact classifier='osgi.bundle' id='org.eclipse.emf.ecp.view.label.model' version='1.21.0.20190603-0953'>
      <properties size='1'>
        <property name='download.size' value='34385'/>
      </properties>
    </artifact>
    <artifact classifier='osgi.bundle' id='org.eclipse.core.filesystem.win32.x86_64' version='1.4.100.v20180828-0158'>
      <properties size='1'>
        <property name='download.size' value='32602'/>
      </properties>
    </artifact>
    <artifact classifier='osgi.bundle' id='org.eclipse.emf.ecp.view.rule.model' version='1.21.0.20190603-0953'>
      <properties size='1'>
        <property name='download.size' value='78804'/>
      </properties>
    </artifact>
    <artifact classifier='osgi.bundle' id='org.eclipse.emfforms.core.services.locale.default' version='1.21.0.20190603-0953'>
      <properties size='1'>
        <property name='download.size' value='11803'/>
      </properties>
    </artifact>
    <artifact classifier='org.eclipse.update.feature' id='org.eclipse.emf.ecp.view.stack.feature' version='1.21.0.20190603-0953'>
      <properties size='1'>
        <property name='download.size' value='40263'/>
      </properties>
      <repositoryProperties size='1'>
        <property name='artifact.folder' value='true'/>
      </repositoryProperties>
    </artifact>
    <artifact classifier='org.eclipse.update.feature' id='org.eclipse.emf.ecp.view.validation.feature' version='1.21.0.20190603-0953'>
      <properties size='1'>
        <property name='download.size' value='40242'/>
      </properties>
      <repositoryProperties size='1'>
        <property name='artifact.folder' value='true'/>
      </repositoryProperties>
    </artifact>
    <artifact classifier='osgi.bundle' id='org.eclipse.emf.ecp.view.vertical.model.edit' version='1.21.0.20190603-0953'>
      <properties size='1'>
        <property name='download.size' value='24370'/>
      </properties>
    </artifact>
    <artifact classifier='osgi.bundle' id='javax.xml' version='1.3.4.v201005080400'>
      <properties size='1'>
        <property name='download.size' value='254976'/>
      </properties>
    </artifact>
    <artifact classifier='osgi.bundle' id='org.eclipse.e4.ui.css.core' version='0.12.700.v20190513-2118'>
      <properties size='1'>
        <property name='download.size' value='211651'/>
      </properties>
    </artifact>
    <artifact classifier='osgi.bundle' id='org.eclipse.emf.ecp.view.template.model' version='1.21.0.20190603-0953'>
      <properties size='1'>
        <property name='download.size' value='356882'/>
      </properties>
    </artifact>
    <artifact classifier='osgi.bundle' id='org.apache.commons.jxpath' version='1.3.0.v200911051830'>
      <properties size='1'>
        <property name='download.size' value='315491'/>
      </properties>
    </artifact>
    <artifact classifier='osgi.bundle' id='org.eclipse.emf.ecp.ide.view.service.source' version='1.21.0.20190603-0953'>
      <properties size='1'>
        <property name='download.size' value='13518'/>
      </properties>
    </artifact>
    <artifact classifier='osgi.bundle' id='org.eclipse.emf.ecp.view.treemasterdetail.model.edit' version='1.21.0.20190603-0953'>
      <properties size='1'>
        <property name='download.size' value='24764'/>
      </properties>
    </artifact>
    <artifact classifier='osgi.bundle' id='org.eclipse.core.resources.win32.x86_64' version='3.5.300.v20181030-1942'>
      <properties size='1'>
        <property name='download.size' value='53240'/>
      </properties>
    </artifact>
    <artifact classifier='osgi.bundle' id='org.multicore-association.shim.model.edit' version='1.0.0.202202180704'>
      <properties size='1'>
        <property name='download.size' value='182454'/>
      </properties>
    </artifact>
    <artifact classifier='osgi.bundle' id='org.eclipse.osgi.compatibility.state' version='1.1.500.v20190516-1407'>
      <properties size='1'>
        <property name='download.size' value='244967'/>
      </properties>
    </artifact>
    <artifact classifier='osgi.bundle' id='org.eclipse.ant.core' version='3.5.400.v20190510-0606'>
      <properties size='1'>
        <property name='download.size' value='108777'/>
      </properties>
    </artifact>
    <artifact classifier='osgi.bundle' id='org.apache.felix.gogo.command' version='1.0.2.v20170914-1324'>
      <properties size='1'>
        <property name='download.size' value='58232'/>
      </properties>
    </artifact>
    <artifact classifier='osgi.bundle' id='org.eclipse.core.runtime' version='3.15.300.v20190508-0543'>
      <properties size='1'>
        <property name='download.size' value='74690'/>
      </properties>
    </artifact>
    <artifact classifier='osgi.bundle' id='org.eclipse.emfforms.core.services.structuralchange' version='1.21.0.20190603-0953'>
      <properties size='1'>
        <property name='download.size' value='14693'/>
      </properties>
    </artifact>
    <artifact classifier='osgi.bundle' id='org.eclipse.jface' version='3.16.0.v20190528-0922'>
      <properties size='1'>
        <property name='download.size' value='1107618'/>
      </properties>
    </artifact>
    <artifact classifier='osgi.bundle' id='org.eclipse.emf.emfstore.client.ui.rcp' version='1.9.0.v20170530-0703'>
      <properties size='1'>
        <property name='download.size' value='44240'/>
      </properties>
    </artifact>
    <artifact classifier='osgi.bundle' id='org.eclipse.text' version='3.8.200.v20190519-2344'>
      <properties size='1'>
        <property name='download.size' value='285807'/>
      </properties>
    </artifact>
    <artifact classifier='osgi.bundle' id='org.apache.commons.lang3' version='3.1.0.v201403281430'>
      <properties size='1'>
        <property name='download.size' value='331301'/>
      </properties>
    </artifact>
    <artifact classifier='osgi.bundle' id='org.eclipse.emf.ecp.view.categorization.model.edit' version='1.21.0.20190603-0953'>
      <properties size='1'>
        <property name='download.size' value='46720'/>
      </properties>
    </artifact>
    <artifact classifier='osgi.bundle' id='org.eclipse.e4.ui.workbench3' version='0.15.100.v20190513-2118'>
      <properties size='1'>
        <property name='download.size' value='21324'/>
      </properties>
    </artifact>
    <artifact classifier='osgi.bundle' id='org.eclipse.equinox.common' version='3.10.400.v20190516-1504'>
      <properties size='1'>
        <property name='download.size' value='122390'/>
      </properties>
    </artifact>
    <artifact classifier='osgi.bundle' id='org.eclipse.emfforms.core.services.editsupport' version='1.21.0.20190603-0953'>
      <properties size='1'>
        <property name='download.size' value='15778'/>
      </properties>
    </artifact>
    <artifact classifier='osgi.bundle' id='org.eclipse.emfforms.view.annotation.model' version='1.21.0.20190603-0953'>
      <properties size='1'>
        <property name='download.size' value='26562'/>
      </properties>
    </artifact>
    <artifact classifier='osgi.bundle' id='org.eclipse.core.resources' version='3.13.400.v20190505-1655'>
      <properties size='1'>
        <property name='download.size' value='893929'/>
      </properties>
    </artifact>
    <artifact classifier='osgi.bundle' id='org.eclipse.emf.ecp.view.validation' version='1.21.0.20190603-0953'>
      <properties size='1'>
        <property name='download.size' value='51567'/>
      </properties>
    </artifact>
    <artifact classifier='org.eclipse.update.feature' id='org.eclipse.emf.ecp.view.template.feature' version='1.21.0.20190603-0953'>
      <properties size='1'>
        <property name='download.size' value='40253'/>
      </properties>
      <repositoryProperties size='1'>
        <property name='artifact.folder' value='true'/>
      </repositoryProperties>
    </artifact>
    <artifact classifier='osgi.bundle' id='org.eclipse.emfforms.core.services.domainexpander.default' version='1.21.0.20190603-0953'>
      <properties size='1'>
        <property name='download.size' value='17516'/>
      </properties>
    </artifact>
    <artifact classifier='org.eclipse.update.feature' id='org.eclipse.net4j.util' version='4.7.0.v20180530-0909'>
      <properties size='1'>
        <property name='download.size' value='29081'/>
      </properties>
      <repositoryProperties size='1'>
        <property name='artifact.folder' value='true'/>
      </repositoryProperties>
    </artifact>
    <artifact classifier='org.eclipse.update.feature' id='org.eclipse.emf.ecp.view.compoundcontrol.feature' version='1.21.0.20190603-0953'>
      <properties size='1'>
        <property name='download.size' value='40273'/>
      </properties>
      <repositoryProperties size='1'>
        <property name='artifact.folder' value='true'/>
      </repositoryProperties>
    </artifact>
    <artifact classifier='osgi.bundle' id='org.eclipse.core.databinding.property' version='1.7.0.v20190510-1100'>
      <properties size='1'>
        <property name='download.size' value='164503'/>
      </properties>
    </artifact>
    <artifact classifier='osgi.bundle' id='org.eclipse.emf.ecp.view.template.annotation.model.edit.source' version='1.21.0.20190603-0953'>
      <properties size='1'>
        <property name='download.size' value='14931'/>
      </properties>
    </artifact>
    <artifact classifier='osgi.bundle' id='org.eclipse.emfforms.common' version='1.21.0.20190603-0953'>
      <properties size='1'>
        <property name='download.size' value='49000'/>
      </properties>
    </artifact>
    <artifact classifier='osgi.bundle' id='org.eclipse.emf.ecp.view.compoundcontrol.swt' version='1.21.0.20190603-0953'>
      <properties size='1'>
        <property name='download.size' value='24342'/>
      </properties>
    </artifact>
    <artifact classifier='osgi.bundle' id='org.eclipse.xtext.logging' version='1.2.15.v20190528-0513'>
      <properties size='1'>
        <property name='download.size' value='12523'/>
      </properties>
    </artifact>
    <artifact classifier='osgi.bundle' id='org.eclipse.emf.ecp.view.custom.model.edit' version='1.21.0.20190603-0953'>
      <properties size='1'>
        <property name='download.size' value='29639'/>
      </properties>
    </artifact>
    <artifact classifier='org.eclipse.update.feature' id='org.eclipse.emf.emfstore.client.feature' version='1.9.0.v20170530-0703'>
      <properties size='1'>
        <property name='download.size' value='21162'/>
      </properties>
      <repositoryProperties size='1'>
        <property name='artifact.folder' value='true'/>
      </repositoryProperties>
    </artifact>
    <artifact classifier='osgi.bundle' id='org.eclipse.emf.emfstore.server' version='1.9.0.v20170530-0703'>
      <properties size='1'>
        <property name='download.size' value='645994'/>
      </properties>
    </artifact>
    <artifact classifier='osgi.bundle' id='org.eclipse.core.net.win32.x86_64' version='1.1.300.v20181126-0635'>
      <properties size='1'>
        <property name='download.size' value='29892'/>
      </properties>
    </artifact>
    <artifact classifier='osgi.bundle' id='org.eclipse.emf.emfstore.client.ui' version='1.9.0.v20170530-0703'>
      <properties size='1'>
        <property name='download.size' value='882332'/>
      </properties>
    </artifact>
    <artifact classifier='osgi.bundle' id='org.eclipse.osgi.util' version='3.5.200.v20190115-2323'>
      <properties size='1'>
        <property name='download.size' value='73514'/>
      </properties>
    </artifact>
    <artifact classifier='osgi.bundle' id='org.eclipse.equinox.launcher.source' version='1.5.400.v20190515-0925'>
      <properties size='1'>
        <property name='download.size' value='44883'/>
      </properties>
    </artifact>
    <artifact classifier='osgi.bundle' id='org.eclipse.ui.ide.application' version='1.3.300.v20190513-2118'>
      <properties size='1'>
        <property name='download.size' value='107464'/>
      </properties>
    </artifact>
    <artifact classifier='osgi.bundle' id='org.eclipse.e4.core.di.extensions' version='0.15.300.v20190213-1308'>
      <properties size='1'>
        <property name='download.size' value='11420'/>
      </properties>
    </artifact>
    <artifact classifier='org.eclipse.update.feature' id='org.eclipse.emf.ecp.emfforms.runtime.feature' version='1.21.0.20190603-0953'>
      <properties size='1'>
        <property name='download.size' value='40272'/>
      </properties>
      <repositoryProperties size='1'>
        <property name='artifact.folder' value='true'/>
      </repositoryProperties>
    </artifact>
    <artifact classifier='osgi.bundle' id='org.eclipse.emfforms.core.services.domainexpander.table' version='1.21.0.20190603-0953'>
      <properties size='1'>
        <property name='download.size' value='14237'/>
      </properties>
    </artifact>
    <artifact classifier='osgi.bundle' id='org.eclipse.e4.ui.services' version='1.3.500.v20190513-2118'>
      <properties size='1'>
        <property name='download.size' value='25193'/>
      </properties>
    </artifact>
    <artifact classifier='org.eclipse.update.feature' id='org.eclipse.emf.emfstore.server.feature' version='1.9.0.v20170530-0703'>
      <properties size='1'>
        <property name='download.size' value='21230'/>
      </properties>
      <repositoryProperties size='1'>
        <property name='artifact.folder' value='true'/>
      </repositoryProperties>
    </artifact>
    <artifact classifier='osgi.bundle' id='org.eclipse.equinox.launcher.win32.win32.x86_64' version='1.1.1000.v20190125-2016'>
      <properties size='1'>
        <property name='download.size' value='77852'/>
      </properties>
      <repositoryProperties size='1'>
        <property name='artifact.folder' value='true'/>
      </repositoryProperties>
    </artifact>
    <artifact classifier='osgi.bundle' id='org.eclipse.ui.ide.application.source' version='1.3.300.v20190513-2118'>
      <properties size='1'>
        <property name='download.size' value='49409'/>
      </properties>
    </artifact>
    <artifact classifier='org.eclipse.update.feature' id='org.multicore_association.shim.edit' version='2.0.0.202202180704'>
      <properties size='1'>
        <property name='download.size' value='3540'/>
      </properties>
      <repositoryProperties size='1'>
        <property name='artifact.folder' value='true'/>
      </repositoryProperties>
    </artifact>
    <artifact classifier='osgi.bundle' id='org.eclipse.emfforms.core.services' version='1.21.0.20190603-0953'>
      <properties size='1'>
        <property name='download.size' value='53676'/>
      </properties>
    </artifact>
    <artifact classifier='osgi.bundle' id='org.eclipse.emf.ecp.view.categorization.model.source' version='1.21.0.20190603-0953'>
      <properties size='1'>
        <property name='download.size' value='41238'/>
      </properties>
    </artifact>
    <artifact classifier='osgi.bundle' id='org.eclipse.e4.core.di.annotations' version='1.6.400.v20190518-1217'>
      <properties size='1'>
        <property name='download.size' value='12265'/>
      </properties>
    </artifact>
    <artifact classifier='osgi.bundle' id='org.eclipse.equinox.app' version='1.4.200.v20190516-1504'>
      <properties size='1'>
        <property name='download.size' value='88245'/>
      </properties>
    </artifact>
    <artifact classifier='osgi.bundle' id='org.eclipse.emf.ecp.view.template.tooling' version='1.21.0.20190603-0953'>
      <properties size='1'>
        <property name='download.size' value='119292'/>
      </properties>
    </artifact>
    <artifact classifier='osgi.bundle' id='org.eclipse.e4.core.commands.source' version='0.12.600.v20190510-1100'>
      <properties size='1'>
        <property name='download.size' value='21850'/>
      </properties>
    </artifact>
    <artifact classifier='osgi.bundle' id='org.eclipse.emf.ecp.common.ui' version='1.21.0.20190603-0953'>
      <properties size='1'>
        <property name='download.size' value='52769'/>
      </properties>
    </artifact>
    <artifact classifier='org.eclipse.update.feature' id='org.eclipse.emf.ecp.view.group.feature' version='1.21.0.20190603-0953'>
      <properties size='1'>
        <property name='download.size' value='40284'/>
      </properties>
      <repositoryProperties size='1'>
        <property name='artifact.folder' value='true'/>
      </repositoryProperties>
    </artifact>
    <artifact classifier='org.eclipse.update.feature' id='org.eclipse.emfforms.view.annotation.feature' version='1.21.0.20190603-0953'>
      <properties size='1'>
        <property name='download.size' value='40249'/>
      </properties>
      <repositoryProperties size='1'>
        <property name='artifact.folder' value='true'/>
      </repositoryProperties>
    </artifact>
    <artifact classifier='osgi.bundle' id='org.eclipse.emf.ecp.view.treemasterdetail.ui.swt' version='1.21.0.20190603-0953'>
      <properties size='1'>
        <property name='download.size' value='59994'/>
      </properties>
    </artifact>
    <artifact classifier='osgi.bundle' id='org.eclipse.emf.emfstore.server.model' version='1.9.0.v20170530-0703'>
      <properties size='1'>
        <property name='download.size' value='499778'/>
      </properties>
    </artifact>
    <artifact classifier='osgi.bundle' id='org.eclipse.emfforms.core.services.legacy' version='1.21.0.20190603-0953'>
      <properties size='1'>
        <property name='download.size' value='18558'/>
      </properties>
    </artifact>
    <artifact classifier='osgi.bundle' id='org.eclipse.emf.ecp.view.stack.model.edit' version='1.21.0.20190603-0953'>
      <properties size='1'>
        <property name='download.size' value='30521'/>
      </properties>
    </artifact>
    <artifact classifier='osgi.bundle' id='org.eclipse.equinox.preferences' version='3.7.400.v20190516-1504'>
      <properties size='1'>
        <property name='download.size' value='133448'/>
      </properties>
    </artifact>
    <artifact classifier='osgi.bundle' id='org.eclipse.core.commands.source' version='3.9.400.v20190516-1358'>
      <properties size='1'>
        <property name='download.size' value='154529'/>
      </properties>
    </artifact>
    <artifact classifier='osgi.bundle' id='org.apache.commons.logging' version='1.1.1.v201101211721'>
      <properties size='1'>
        <property name='download.size' value='73633'/>
      </properties>
    </artifact>
    <artifact classifier='osgi.bundle' id='org.eclipse.emf.ecp.view.stack.model' version='1.21.0.20190603-0953'>
      <properties size='1'>
        <property name='download.size' value='34479'/>
      </properties>
    </artifact>
    <artifact classifier='osgi.bundle' id='org.apache.batik.css' version='1.11.0.v20190515-0436'>
      <properties size='1'>
        <property name='download.size' value='359895'/>
      </properties>
    </artifact>
    <artifact classifier='osgi.bundle' id='org.eclipse.emf.emfstore.server.model.edit' version='1.9.0.v20170530-0703'>
      <properties size='1'>
        <property name='download.size' value='457344'/>
      </properties>
    </artifact>
    <artifact classifier='osgi.bundle' id='org.apache.felix.gogo.shell' version='1.1.0.v20180713-1646'>
      <properties size='1'>
        <property name='download.size' value='69091'/>
      </properties>
    </artifact>
    <artifact classifier='osgi.bundle' id='org.eclipse.equinox.bidi' version='1.2.0.v20190514-1046'>
      <properties size='1'>
        <property name='download.size' value='51226'/>
      </properties>
    </artifact>
    <artifact classifier='osgi.bundle' id='org.eclipse.emf.ecp.view.util.swt' version='1.21.0.20190603-0953'>
      <properties size='1'>
        <property name='download.size' value='12837'/>
      </properties>
    </artifact>
    <artifact classifier='org.eclipse.update.feature' id='org.eclipse.emf.ecp.viewmodel.feature' version='1.21.0.20190603-0953'>
      <properties size='1'>
        <property name='download.size' value='40811'/>
      </properties>
      <repositoryProperties size='1'>
        <property name='artifact.folder' value='true'/>
      </repositoryProperties>
    </artifact>
    <artifact classifier='osgi.bundle' id='org.eclipse.emf.emfstore.common.model' version='1.9.0.v20170530-0703'>
      <properties size='1'>
        <property name='download.size' value='127408'/>
      </properties>
    </artifact>
    <artifact classifier='osgi.bundle' id='org.eclipse.core.commands' version='3.9.400.v20190516-1358'>
      <properties size='1'>
        <property name='download.size' value='115838'/>
      </properties>
    </artifact>
    <artifact classifier='osgi.bundle' id='org.eclipse.emf.ecp.view.vertical.model' version='1.21.0.20190603-0953'>
      <properties size='1'>
        <property name='download.size' value='29390'/>
      </properties>
    </artifact>
    <artifact classifier='org.eclipse.update.feature' id='org.eclipse.emf.edit.ui' version='2.17.0.v20190323-1059'>
      <properties size='1'>
        <property name='download.size' value='19526'/>
      </properties>
      <repositoryProperties size='1'>
        <property name='artifact.folder' value='true'/>
      </repositoryProperties>
    </artifact>
    <artifact classifier='osgi.bundle' id='org.eclipse.emfforms.core.services.emfspecificservice' version='1.21.0.20190603-0953'>
      <properties size='1'>
        <property name='download.size' value='13737'/>
      </properties>
    </artifact>
    <artifact classifier='osgi.bundle' id='javax.servlet' version='3.1.0.v201410161800'>
      <properties size='1'>
        <property name='download.size' value='105237'/>
      </properties>
    </artifact>
    <artifact classifier='osgi.bundle' id='org.eclipse.equinox.p2.metadata.repository' version='1.3.100.v20180822-1302'>
      <properties size='1'>
        <property name='download.size' value='133540'/>
      </properties>
    </artifact>
    <artifact classifier='osgi.bundle' id='org.eclipse.ltk.core.refactoring' version='3.10.100.v20190510-0840'>
      <properties size='1'>
        <property name='download.size' value='358159'/>
      </properties>
    </artifact>
    <artifact classifier='org.eclipse.update.feature' id='org.eclipse.emf.ecore.edit' version='2.13.0.v20190323-1059'>
      <properties size='1'>
        <property name='download.size' value='19552'/>
      </properties>
      <repositoryProperties size='1'>
        <property name='artifact.folder' value='true'/>
      </repositoryProperties>
    </artifact>
    <artifact classifier='osgi.bundle' id='org.eclipse.ui.views.properties.tabbed' version='3.8.500.v20190513-2118'>
      <properties size='1'>
        <property name='download.size' value='110286'/>
      </properties>
    </artifact>
    <artifact classifier='osgi.bundle' id='org.eclipse.equinox.security' version='1.3.200.v20190516-1504'>
      <properties size='1'>
        <property name='download.size' value='113360'/>
      </properties>
    </artifact>
    <artifact classifier='osgi.bundle' id='org.eclipse.emf.ecp.view.table.model.edit' version='1.21.0.20190603-0953'>
      <properties size='1'>
        <property name='download.size' value='53835'/>
      </properties>
    </artifact>
    <artifact classifier='osgi.bundle' id='org.eclipse.emfforms.core.services.emf' version='1.21.0.20190603-0953'>
      <properties size='1'>
        <property name='download.size' value='40964'/>
      </properties>
    </artifact>
    <artifact classifier='osgi.bundle' id='org.eclipse.emf.ecp.ide.view.service' version='1.21.0.20190603-0953'>
      <properties size='1'>
        <property name='download.size' value='17521'/>
      </properties>
    </artifact>
    <artifact classifier='org.eclipse.update.feature' id='org.eclipse.emf.emfstore.client.ui.feature' version='1.9.0.v20170530-0703'>
      <properties size='1'>
        <property name='download.size' value='21350'/>
      </properties>
      <repositoryProperties size='1'>
        <property name='artifact.folder' value='true'/>
      </repositoryProperties>
    </artifact>
    <artifact classifier='osgi.bundle' id='org.eclipse.ui.trace' version='1.1.500.v20190513-1223'>
      <properties size='1'>
        <property name='download.size' value='59777'/>
      </properties>
    </artifact>
    <artifact classifier='osgi.bundle' id='org.eclipse.emf.ecp.view.compoundcontrol.tooling' version='1.21.0.20190603-0953'>
      <properties size='1'>
        <property name='download.size' value='10102'/>
      </properties>
    </artifact>
    <artifact classifier='osgi.bundle' id='org.eclipse.emf.ecp.view.group.model' version='1.21.0.20190603-0953'>
      <properties size='1'>
        <property name='download.size' value='36620'/>
      </properties>
    </artifact>
    <artifact classifier='osgi.bundle' id='org.apache.felix.scr' version='2.1.14.v20190123-1619'>
      <properties size='1'>
        <property name='download.size' value='412632'/>
      </properties>
    </artifact>
    <artifact classifier='osgi.bundle' id='org.eclipse.emf.emfstore.common.model.edit' version='1.9.0.v20170530-0703'>
      <properties size='1'>
        <property name='download.size' value='52803'/>
      </properties>
    </artifact>
    <artifact classifier='osgi.bundle' id='org.eclipse.emfforms.swt.control.multiattribute.source' version='1.21.0.20190603-0953'>
      <properties size='1'>
        <property name='download.size' value='31497'/>
      </properties>
    </artifact>
    <artifact classifier='osgi.bundle' id='org.eclipse.e4.ui.workbench.addons.swt' version='1.3.500.v20190513-2118'>
      <properties size='1'>
        <property name='download.size' value='117607'/>
      </properties>
    </artifact>
    <artifact classifier='osgi.bundle' id='org.eclipse.e4.ui.model.workbench' version='2.1.400.v20190513-2118'>
      <properties size='1'>
        <property name='download.size' value='408819'/>
      </properties>
    </artifact>
    <artifact classifier='osgi.bundle' id='org.w3c.dom.smil' version='1.0.1.v200903091627'>
      <properties size='1'>
        <property name='download.size' value='20106'/>
      </properties>
    </artifact>
    <artifact classifier='osgi.bundle' id='org.eclipse.emf.ecp.validation' version='1.21.0.20190603-0953'>
      <properties size='1'>
        <property name='download.size' value='22066'/>
      </properties>
    </artifact>
    <artifact classifier='osgi.bundle' id='org.eclipse.emf.ecp.view.model.provider.xmi' version='1.21.0.20190603-0953'>
      <properties size='1'>
        <property name='download.size' value='42191'/>
      </properties>
    </artifact>
    <artifact classifier='org.eclipse.update.feature' id='org.eclipse.emf.emfstore.common.feature' version='1.9.0.v20170530-0703'>
      <properties size='1'>
        <property name='download.size' value='21182'/>
      </properties>
      <repositoryProperties size='1'>
        <property name='artifact.folder' value='true'/>
      </repositoryProperties>
    </artifact>
    <artifact classifier='osgi.bundle' id='org.eclipse.e4.core.commands' version='0.12.600.v20190510-1100'>
      <properties size='1'>
        <property name='download.size' value='26059'/>
      </properties>
    </artifact>
    <artifact classifier='osgi.bundle' id='org.eclipse.emf.ecp.editor.e3' version='1.21.0.20190603-0953'>
      <properties size='1'>
        <property name='download.size' value='57124'/>
      </properties>
    </artifact>
    <artifact classifier='osgi.bundle' id='org.eclipse.emfforms.core.services.segments.featurepath' version='1.21.0.20190603-0953'>
      <properties size='1'>
        <property name='download.size' value='22090'/>
      </properties>
    </artifact>
    <artifact classifier='osgi.bundle' id='org.eclipse.e4.core.contexts' version='1.8.100.v20190518-1217'>
      <properties size='1'>
        <property name='download.size' value='48376'/>
      </properties>
    </artifact>
    <artifact classifier='org.eclipse.update.feature' id='org.eclipse.emf.databinding' version='1.7.0.v20190323-1059'>
      <properties size='1'>
        <property name='download.size' value='19519'/>
      </properties>
      <repositoryProperties size='1'>
        <property name='artifact.folder' value='true'/>
      </repositoryProperties>
    </artifact>
    <artifact classifier='org.eclipse.update.feature' id='org.eclipse.emf.edit' version='2.15.0.v20190528-0725'>
      <properties size='1'>
        <property name='download.size' value='19496'/>
      </properties>
      <repositoryProperties size='1'>
        <property name='artifact.folder' value='true'/>
      </repositoryProperties>
    </artifact>
    <artifact classifier='osgi.bundle' id='org.eclipse.emfforms.swt.treemasterdetail.decorator.validation.default' version='1.21.0.20190603-0953'>
      <properties size='1'>
        <property name='download.size' value='16874'/>
      </properties>
    </artifact>
    <artifact classifier='osgi.bundle' id='org.eclipse.equinox.util' version='1.1.200.v20181008-1820'>
      <properties size='1'>
        <property name='download.size' value='83351'/>
      </properties>
    </artifact>
    <artifact classifier='osgi.bundle' id='org.eclipse.emfforms.view.annotation.model.edit' version='1.21.0.20190603-0953'>
      <properties size='1'>
        <property name='download.size' value='22691'/>
      </properties>
    </artifact>
    <artifact classifier='osgi.bundle' id='org.eclipse.emf.databinding.edit' version='1.6.0.v20190323-1031'>
      <properties size='1'>
        <property name='download.size' value='53898'/>
      </properties>
    </artifact>
    <artifact classifier='osgi.bundle' id='org.eclipse.equinox.launcher' version='1.5.400.v20190515-0925'>
      <properties size='1'>
        <property name='download.size' value='53053'/>
      </properties>
    </artifact>
    <artifact classifier='osgi.bundle' id='org.eclipse.emf.ecp.view.vertical.ui.swt' version='1.21.0.20190603-0953'>
      <properties size='1'>
        <property name='download.size' value='13517'/>
      </properties>
      <repositoryProperties size='1'>
        <property name='artifact.folder' value='true'/>
      </repositoryProperties>
    </artifact>
    <artifact classifier='osgi.bundle' id='org.eclipse.e4.core.di' version='1.7.200.v20190506-1457'>
      <properties size='1'>
        <property name='download.size' value='52826'/>
      </properties>
    </artifact>
    <artifact classifier='osgi.bundle' id='org.eclipse.emf.ecp.ide.editor.view.templatebridge' version='1.21.0.20190603-0953'>
      <properties size='1'>
        <property name='download.size' value='13563'/>
      </properties>
    </artifact>
    <artifact classifier='osgi.bundle' id='org.eclipse.emfforms.core.services.segments.multi' version='1.21.0.20190603-0953'>
      <properties size='1'>
        <property name='download.size' value='23228'/>
      </properties>
    </artifact>
    <artifact classifier='osgi.bundle' id='org.eclipse.emf.ecp.view.template.service' version='1.21.0.20190603-0953'>
      <properties size='1'>
        <property name='download.size' value='25990'/>
      </properties>
    </artifact>
    <artifact classifier='org.eclipse.update.feature' id='org.eclipse.emf.databinding.edit' version='1.7.0.v20190323-1059'>
      <properties size='1'>
        <property name='download.size' value='19553'/>
      </properties>
      <repositoryProperties size='1'>
        <property name='artifact.folder' value='true'/>
      </repositoryProperties>
    </artifact>
    <artifact classifier='osgi.bundle' id='org.eclipse.ui.workbench.texteditor' version='3.12.0.v20190519-2344'>
      <properties size='1'>
        <property name='download.size' value='653398'/>
      </properties>
    </artifact>
    <artifact classifier='osgi.bundle' id='org.eclipse.e4.ui.widgets' version='1.2.400.v20190510-1100'>
      <properties size='1'>
        <property name='download.size' value='13457'/>
      </properties>
    </artifact>
    <artifact classifier='osgi.bundle' id='org.eclipse.emf.ecp.view.stack.viewmodel' version='1.21.0.20190603-0953'>
      <properties size='1'>
        <property name='download.size' value='10033'/>
      </properties>
    </artifact>
    <artifact classifier='osgi.bundle' id='org.multicore-association.shim10.model' version='1.0.0.202202180704'>
      <properties size='1'>
        <property name='download.size' value='171197'/>
      </properties>
    </artifact>
    <artifact classifier='osgi.bundle' id='org.eclipse.compare.core' version='3.6.500.v20190519-2354'>
      <properties size='1'>
        <property name='download.size' value='68005'/>
      </properties>
    </artifact>
    <artifact classifier='osgi.bundle' id='org.eclipse.core.contenttype' version='3.7.300.v20190215-2048'>
      <properties size='1'>
        <property name='download.size' value='105591'/>
      </properties>
    </artifact>
    <artifact classifier='org.eclipse.update.feature' id='org.eclipse.emf.ecp.view.treemasterdetail.feature' version='1.21.0.20190603-0953'>
      <properties size='1'>
        <property name='download.size' value='40320'/>
      </properties>
      <repositoryProperties size='1'>
        <property name='artifact.folder' value='true'/>
      </repositoryProperties>
    </artifact>
    <artifact classifier='osgi.bundle' id='org.eclipse.emf.ecp.ui.view.editor.controls' version='1.21.0.20190603-0953'>
      <properties size='1'>
        <property name='download.size' value='317209'/>
      </properties>
    </artifact>
    <artifact classifier='osgi.bundle' id='org.multicore-association.shim10.model.editor' version='1.0.0.202202180704'>
      <properties size='1'>
        <property name='download.size' value='65878'/>
      </properties>
    </artifact>
    <artifact classifier='osgi.bundle' id='org.eclipse.emfforms.view.multisegment.model' version='1.21.0.20190603-0953'>
      <properties size='1'>
        <property name='download.size' value='29088'/>
      </properties>
    </artifact>
    <artifact classifier='osgi.bundle' id='org.w3c.css.sac' version='1.3.1.v200903091627'>
      <properties size='1'>
        <property name='download.size' value='36448'/>
      </properties>
    </artifact>
    <artifact classifier='osgi.bundle' id='org.eclipse.urischeme' version='1.0.300.v20190514-0858'>
      <properties size='1'>
        <property name='download.size' value='48043'/>
      </properties>
    </artifact>
    <artifact classifier='osgi.bundle' id='org.eclipse.emf.ecp.view.group.swt.collapsable' version='1.21.0.20190603-0953'>
      <properties size='1'>
        <property name='download.size' value='18595'/>
      </properties>
    </artifact>
    <artifact classifier='osgi.bundle' id='org.eclipse.emf.ecp.view.table.ui.swt' version='1.21.0.20190603-0953'>
      <properties size='1'>
        <property name='download.size' value='159087'/>
      </properties>
    </artifact>
    <artifact classifier='osgi.bundle' id='org.eclipse.equinox.p2.metadata.source' version='2.4.400.v20190409-0548'>
      <properties size='1'>
        <property name='download.size' value='253533'/>
      </properties>
    </artifact>
    <artifact classifier='osgi.bundle' id='org.eclipse.ui.navigator.resources' version='3.6.500.v20190519-2104'>
      <properties size='1'>
        <property name='download.size' value='170237'/>
      </properties>
    </artifact>
    <artifact classifier='osgi.bundle' id='org.eclipse.emf.ecp.edit.swt' version='1.21.0.20190603-0953'>
      <properties size='1'>
        <property name='download.size' value='266450'/>
      </properties>
    </artifact>
    <artifact classifier='osgi.bundle' id='org.eclipse.emf.ecore.change.edit' version='2.8.0.v20180706-1146'>
      <properties size='1'>
        <property name='download.size' value='34263'/>
      </properties>
    </artifact>
    <artifact classifier='osgi.bundle' id='org.eclipse.emf.ecp.view.group.swt.embedded' version='1.21.0.20190603-0953'>
      <properties size='1'>
        <property name='download.size' value='16945'/>
      </properties>
    </artifact>
    <artifact classifier='osgi.bundle' id='org.eclipse.core.variables' version='3.4.500.v20190510-0549'>
      <properties size='1'>
        <property name='download.size' value='36057'/>
      </properties>
    </artifact>
    <artifact classifier='osgi.bundle' id='org.eclipse.e4.ui.workbench' version='1.10.0.v20190529-1505'>
      <properties size='1'>
        <property name='download.size' value='255458'/>
      </properties>
    </artifact>
    <artifact classifier='osgi.bundle' id='org.eclipse.e4.ui.css.swt.theme' version='0.12.300.v20190510-1100'>
      <properties size='1'>
        <property name='download.size' value='28936'/>
      </properties>
    </artifact>
    <artifact classifier='osgi.bundle' id='org.eclipse.emfforms.swt.control.multiattribute' version='1.21.0.20190603-0953'>
      <properties size='1'>
        <property name='download.size' value='61307'/>
      </properties>
    </artifact>
  </artifacts>
</repository>
