<?xml version="1.0" encoding="UTF-8"?>
<feature id="org.eclipse.emf.ecp.view.group.feature.source" version="1.21.0.20190603-0953" plugin="org.eclipse.emf.ecp.view.group.model" label="EMF Forms Group Model incl. Sources" provider-name="%providerName">
  <includes id="org.eclipse.emf.ecp.view.group.feature" version="1.21.0.20190603-0953"/>
  <description>
      %description
   </description>
  <copyright url="%copyrightURL">
      %copyright
   </copyright>
  <license url="%licenseURL">
      %license
   </license>
  <plugin id="org.eclipse.emf.ecp.view.group.model.source" version="1.21.0.20190603-0953" download-size="0" install-size="0" unpack="false"/>
  <plugin id="org.eclipse.emf.ecp.view.group.model.edit.source" version="1.21.0.20190603-0953" download-size="0" install-size="0" unpack="false"/>
  <plugin id="org.eclipse.emf.ecp.view.group.ui.swt.source" version="1.21.0.20190603-0953" download-size="0" install-size="0" unpack="false"/>
  <plugin id="org.eclipse.emf.ecp.view.group.swt.embedded.source" version="1.21.0.20190603-0953" download-size="0" install-size="0" unpack="false"/>
  <plugin id="org.eclipse.emf.ecp.view.group.swt.collapsable.source" version="1.21.0.20190603-0953" download-size="0" install-size="0" unpack="false"/>
</feature>