<?xml version="1.0" encoding="UTF-8"?>
<feature
      id="org.eclipse.emf.emfstore.common.feature"
      label="EMFStore Common"
      version="1.9.0.v20170530-0703"
      provider-name="Eclipse Modeling Project"
      plugin="org.eclipse.emf.emfstore.common">

   <description url="http://emfstore.org">
      Contains common plugins of EMFStore that are used by other EMFStore features.
   </description>

   <copyright url="%copyrightURL">
      %copyright
   </copyright>

   <license url="%licenseURL">
      %license
   </license>

   <requires>
      <import plugin="org.eclipse.ui"/>
      <import plugin="org.eclipse.core.runtime"/>
      <import plugin="org.eclipse.core.resources"/>
      <import plugin="org.eclipse.emf.ecore.xmi"/>
      <import plugin="org.eclipse.emf.ecore"/>
   </requires>

   <plugin
         id="org.eclipse.emf.emfstore.common.model"
         download-size="124"
         install-size="274"
         version="1.9.0.v20170530-0703"
         unpack="false"/>

   <plugin
         id="org.eclipse.emf.emfstore.common"
         download-size="1936"
         install-size="2196"
         version="1.9.0.v20170530-0703"
         unpack="false"/>

</feature>
