<?xml version="1.0" encoding="UTF-8"?>
<feature
      id="org.eclipse.emf.emfstore.server.feature"
      label="EMFStore Server"
      version="1.9.0.v20170530-0703"
      provider-name="Eclipse Modeling Project"
      plugin="org.eclipse.emf.emfstore.server">

   <description url="http://emfstore.org">
      This feature contains all plugins to run the EMFStore server.
   </description>

   <copyright url="%copyrightURL">
      %copyright
   </copyright>

   <license url="%licenseURL">
      %license
   </license>

   <requires>
      <import plugin="org.apache.commons.codec" version="1.3.0" match="greaterOrEqual"/>
      <import plugin="org.apache.commons.logging"/>
      <import plugin="org.eclipse.ui"/>
      <import plugin="org.eclipse.core.runtime"/>
      <import plugin="org.eclipse.emf.emfstore.common.model"/>
   </requires>

   <plugin
         id="org.eclipse.emf.emfstore.server"
         download-size="630"
         install-size="1126"
         version="1.9.0.v20170530-0703"
         unpack="false"/>

   <plugin
         id="org.eclipse.emf.emfstore.server.model"
         download-size="488"
         install-size="1220"
         version="1.9.0.v20170530-0703"
         unpack="false"/>

   <plugin
         id="org.eclipse.emf.emfstore.migration"
         download-size="15"
         install-size="21"
         version="1.9.0.v20170530-0703"
         unpack="false"/>

</feature>
