<?xml version="1.0" encoding="UTF-8"?>
<feature id="org.eclipse.net4j.util.source" version="4.7.0.v20180530-0909" label="%featureName" provider-name="%providerName" image="eclipse_update_120.jpg"    >
	<description >
		%description
	</description>
	<copyright url="%copyrightURL">
		%copyright
	</copyright>
	<license url="%licenseURL">
		%license
	</license>
	<url>
		<update url="http://www.eclipse.org/modeling/updates/" label="%updateSiteName"/>
		<discovery url="http://www.eclipse.org/modeling/updates/" label="%updateSiteName"/>
	</url>
</feature>
