<?xml version="1.0" encoding="UTF-8"?>
<feature id="org.eclipse.e4.rcp.source" version="1.6.500.v20190605-1801" label="%featureName" provider-name="%providerName">
  <description>
      %description
   </description>
  <copyright>
      %copyright
   </copyright>
  <license url="%licenseURL">
      %license
   </license>
  <includes id="org.eclipse.e4.rcp" version="1.6.500.v20190605-1801"/>
  <plugin id="org.eclipse.e4.core.services.source" version="2.1.400.v20181215-2145" download-size="0" install-size="0" unpack="false"/>
  <plugin id="org.eclipse.e4.ui.workbench.swt.source" version="0.14.600.v20190513-2118" download-size="0" install-size="0" unpack="false"/>
  <plugin id="org.eclipse.e4.core.commands.source" version="0.12.600.v20190510-1100" download-size="0" install-size="0" unpack="false"/>
  <plugin id="org.eclipse.e4.ui.bindings.source" version="0.12.500.v20190510-1100" download-size="0" install-size="0" unpack="false"/>
  <plugin id="org.eclipse.e4.ui.model.workbench.source" version="2.1.400.v20190513-2118" download-size="0" install-size="0" unpack="false"/>
  <plugin id="org.eclipse.e4.ui.services.source" version="1.3.500.v20190513-2118" download-size="0" install-size="0" unpack="false"/>
  <plugin id="org.eclipse.e4.ui.workbench.renderers.swt.source" version="0.14.700.v20190517-1525" download-size="0" install-size="0" unpack="false"/>
  <plugin id="org.eclipse.e4.ui.workbench.source" version="1.10.0.v20190529-1505" download-size="0" install-size="0" unpack="false"/>
  <plugin id="org.eclipse.e4.ui.css.core.source" version="0.12.700.v20190513-2118" download-size="0" install-size="0" unpack="false"/>
  <plugin id="org.eclipse.e4.ui.css.swt.source" version="0.13.500.v20190513-2118" download-size="0" install-size="0" unpack="false"/>
  <plugin id="org.apache.batik.css.source" version="1.11.0.v20190515-0436" download-size="0" install-size="0" unpack="false"/>
  <plugin id="org.w3c.css.sac.source" version="1.3.1.v200903091627" download-size="0" install-size="0" unpack="false"/>
  <plugin id="org.apache.batik.util.source" version="1.11.0.v20190515-0436" download-size="0" install-size="0" unpack="false"/>
  <plugin id="org.w3c.dom.svg.source" version="1.1.0.v201011041433" download-size="0" install-size="0" unpack="false"/>
  <plugin id="org.w3c.dom.smil.source" version="1.0.1.v200903091627" download-size="0" install-size="0" unpack="false"/>
  <plugin id="org.w3c.dom.events.source" version="3.0.0.draft20060413_v201105210656" download-size="0" install-size="0" unpack="false"/>
  <plugin id="javax.inject.source" version="1.0.0.v20091030" download-size="0" install-size="0" unpack="false"/>
  <plugin id="javax.annotation.source" version="1.2.0.v201602091430" download-size="0" install-size="0" unpack="false"/>
  <plugin id="org.eclipse.e4.core.di.source" version="1.7.200.v20190506-1457" download-size="0" install-size="0" unpack="false"/>
  <plugin id="org.eclipse.e4.core.contexts.source" version="1.8.100.v20190518-1217" download-size="0" install-size="0" unpack="false"/>
  <plugin id="org.apache.batik.i18n.source" version="1.11.0.v20190515-0436" download-size="0" install-size="0" unpack="false"/>
  <plugin id="org.apache.batik.constants.source" version="1.11.0.v20190515-0436" download-size="0" install-size="0" unpack="false"/>
  <plugin id="org.apache.xmlgraphics.source" version="2.3.0.v20190515-0436" download-size="0" install-size="0" unpack="false"/>
  <plugin id="org.apache.commons.io.source" version="2.6.0.v20190123-2029" download-size="0" install-size="0" unpack="false"/>
  <plugin id="org.apache.commons.logging.source" version="1.2.0.v20180409-1502" download-size="0" install-size="0" unpack="false"/>
  <plugin id="org.eclipse.e4.core.di.extensions.source" version="0.15.300.v20190213-1308" download-size="0" install-size="0" unpack="false"/>
  <plugin id="org.eclipse.e4.ui.css.swt.theme.source" version="0.12.300.v20190510-1100" download-size="0" install-size="0" unpack="false"/>
  <plugin id="org.eclipse.e4.ui.di.source" version="1.2.600.v20190510-1100" download-size="0" install-size="0" unpack="false"/>
  <plugin id="org.eclipse.e4.ui.widgets.source" version="1.2.400.v20190510-1100" download-size="0" install-size="0" unpack="false"/>
  <plugin id="org.eclipse.e4.ui.workbench.renderers.swt.cocoa.source" version="0.12.300.v20190517-1326" download-size="0" install-size="0" os="macosx" ws="cocoa" unpack="false"/>
  <plugin id="org.eclipse.equinox.common.source" version="3.10.400.v20190516-1504" download-size="0" install-size="0" unpack="false"/>
  <plugin id="org.apache.felix.scr.source" version="2.1.14.v20190123-1619" download-size="0" install-size="0" unpack="false"/>
  <plugin id="org.eclipse.equinox.event.source" version="1.5.100.v20190528-1257" download-size="0" install-size="0" unpack="false"/>
  <plugin id="org.eclipse.core.commands.source" version="3.9.400.v20190516-1358" download-size="0" install-size="0" unpack="false"/>
  <plugin id="org.eclipse.core.contenttype.source" version="3.7.300.v20190215-2048" download-size="0" install-size="0" unpack="false"/>
  <plugin id="org.eclipse.core.databinding.source" version="1.7.400.v20190513-2118" download-size="0" install-size="0" unpack="false"/>
  <plugin id="org.eclipse.core.databinding.beans.source" version="1.5.0.v20190510-1100" download-size="0" install-size="0" unpack="false"/>
  <plugin id="org.eclipse.core.databinding.observable.source" version="1.7.0.v20190515-0910" download-size="0" install-size="0" unpack="false"/>
  <plugin id="org.eclipse.core.databinding.property.source" version="1.7.0.v20190510-1100" download-size="0" install-size="0" unpack="false"/>
  <plugin id="org.eclipse.core.expressions.source" version="3.6.400.v20190518-1240" download-size="0" install-size="0" unpack="false"/>
  <plugin id="org.eclipse.core.jobs.source" version="3.10.400.v20190506-1457" download-size="0" install-size="0" unpack="false"/>
  <plugin id="org.eclipse.core.runtime.source" version="3.15.300.v20190508-0543" download-size="0" install-size="0" unpack="false"/>
  <plugin id="org.eclipse.equinox.app.source" version="1.4.200.v20190516-1504" download-size="0" install-size="0" unpack="false"/>
  <plugin id="org.eclipse.equinox.launcher.source" version="1.5.400.v20190515-0925" download-size="0" install-size="0" unpack="false"/>
  <plugin id="com.ibm.icu.source" version="64.2.0.v20190507-1337" download-size="0" install-size="0" unpack="false"/>
  <plugin id="org.eclipse.equinox.preferences.source" version="3.7.400.v20190516-1504" download-size="0" install-size="0" unpack="false"/>
  <plugin id="org.eclipse.equinox.registry.source" version="3.8.400.v20190516-1504" download-size="0" install-size="0" unpack="false"/>
  <plugin id="org.eclipse.equinox.simpleconfigurator.source" version="1.3.200.v20181101-1115" download-size="0" install-size="0" unpack="false"/>
  <plugin id="org.eclipse.osgi.source" version="3.14.0.v20190517-1309" download-size="0" install-size="0" unpack="false"/>
  <plugin id="org.eclipse.osgi.compatibility.state.source" version="1.1.500.v20190516-1407" download-size="0" install-size="0" unpack="false"/>
  <plugin id="org.eclipse.osgi.services.source" version="3.8.0.v20190206-2147" download-size="0" install-size="0" unpack="false"/>
  <plugin id="org.eclipse.osgi.util.source" version="3.5.200.v20190115-2323" download-size="0" install-size="0" unpack="false"/>
  <plugin id="org.eclipse.swt.win32.win32.x86_64.source" version="3.111.0.v20190605-1801" download-size="0" install-size="0" os="win32" ws="win32" arch="x86_64" unpack="false"/>
  <plugin id="org.eclipse.swt.gtk.linux.ppc64le.source" version="3.111.0.v20190605-1801" download-size="0" install-size="0" os="linux" ws="gtk" arch="ppc64le" unpack="false"/>
  <plugin id="org.eclipse.swt.gtk.linux.x86_64.source" version="3.111.0.v20190605-1801" download-size="0" install-size="0" os="linux" ws="gtk" arch="x86_64" unpack="false"/>
  <plugin id="org.eclipse.swt.cocoa.macosx.x86_64.source" version="3.111.0.v20190605-1801" download-size="0" install-size="0" os="macosx" ws="cocoa" arch="x86_64" unpack="false"/>
  <plugin id="org.eclipse.equinox.util.source" version="1.1.200.v20181008-1820" download-size="0" install-size="0" unpack="false"/>
  <plugin id="org.eclipse.jface.source" version="3.16.0.v20190528-0922" download-size="0" install-size="0" unpack="false"/>
  <plugin id="org.eclipse.jface.databinding.source" version="1.9.0.v20190519-0933" download-size="0" install-size="0" unpack="false"/>
  <plugin id="org.eclipse.e4.ui.workbench3.source" version="0.15.100.v20190513-2118" download-size="0" install-size="0" unpack="false"/>
  <plugin id="org.apache.felix.gogo.command.source" version="1.0.2.v20170914-1324" download-size="0" install-size="0" unpack="false"/>
  <plugin id="org.apache.felix.gogo.runtime.source" version="1.1.0.v20180713-1646" download-size="0" install-size="0" unpack="false"/>
  <plugin id="org.apache.felix.gogo.shell.source" version="1.1.0.v20180713-1646" download-size="0" install-size="0" unpack="false"/>
  <plugin id="org.eclipse.equinox.console.source" version="1.3.300.v20190516-1504" download-size="0" install-size="0" unpack="false"/>
  <plugin id="org.eclipse.e4.ui.workbench.addons.swt.source" version="1.3.500.v20190513-2118" download-size="0" install-size="0" unpack="false"/>
  <plugin id="org.eclipse.equinox.bidi.source" version="1.2.0.v20190514-1046" download-size="0" install-size="0" unpack="false"/>
  <plugin id="org.eclipse.e4.ui.dialogs.source" version="1.1.500.v20190513-0736" download-size="0" install-size="0" unpack="false"/>
  <plugin id="org.apache.commons.jxpath.source" version="1.3.0.v200911051830" download-size="0" install-size="0" unpack="false"/>
  <plugin id="org.eclipse.e4.emf.xpath.source" version="0.2.300.v20190513-2118" download-size="0" install-size="0" unpack="false"/>
  <plugin id="org.eclipse.e4.core.di.annotations.source" version="1.6.400.v20190518-1217" download-size="0" install-size="0" unpack="false"/>
  <plugin id="org.eclipse.e4.ui.swt.gtk.source" version="1.0.500.v20181106-0908" download-size="0" install-size="0" ws="gtk" unpack="false"/>
  <plugin id="org.eclipse.e4.core.di.extensions.supplier.source" version="0.15.300.v20190506-1457" download-size="0" install-size="0" unpack="false"/>
</feature>