<?xml version="1.0" encoding="UTF-8"?>
<feature id="org.eclipse.emf.ecp.view.compoundcontrol.feature.source" version="1.21.0.20190603-0953" plugin="org.eclipse.emf.ecp.view.compoundcontrol.model" label="EMF Forms Compound Control Feature incl. Sources" provider-name="Eclipse Modeling Project">
  <includes id="org.eclipse.emf.ecp.view.compoundcontrol.feature" version="1.21.0.20190603-0953"/>
  <description>
      %description
   </description>
  <copyright url="%copyrightURL">
      %copyright
   </copyright>
  <license url="%licenseURL">
      %license
   </license>
  <plugin id="org.eclipse.emf.ecp.view.compoundcontrol.model.source" version="1.21.0.20190603-0953" download-size="0" install-size="0" unpack="false"/>
  <plugin id="org.eclipse.emf.ecp.view.compoundcontrol.model.edit.source" version="1.21.0.20190603-0953" download-size="0" install-size="0" unpack="false"/>
  <plugin id="org.eclipse.emf.ecp.view.compoundcontrol.swt.source" version="1.21.0.20190603-0953" download-size="0" install-size="0" unpack="false"/>
  <plugin id="org.eclipse.emf.ecp.view.compoundcontrol.tooling.source" version="1.21.0.20190603-0953" download-size="0" install-size="0" unpack="false"/>
</feature>